SL NO,Type,SKU,Name,Published,Is featured?,Visibility in catalog,Short Description,Description,In stock?,Sold individually?,Allow customer reviews?,Purchase note,Sale price,Regular price,Categories,Tags,Shipping class,Images,Position,Meta: _specifications_display_attributes,Meta: _per_product_admin_commission_type,product-url,image_url,Attribute 1 name,Attribute 1 value(s),Attribute 1 visible,Attribute 1 global,Attribute 2 name,Attribute 2 value(s),Attribute 2 visible,Attribute 2 global,Attribute 3 name,Attribute 3 value(s),Attribute 3 visible,Attribute 3 global,Attribute 4 name,Attribute 4 value(s),Attribute 4 visible,Attribute 4 global,Attribute 5 name,Attribute 5 value(s),Attribute 5 visible,Attribute 5 global,Attribute 6 name,Attribute 6 value(s),Attribute 6 visible,Attribute 6 global,Attribute 7 name,Attribute 7 value(s),Attribute 7 visible,Attribute 7 global,Attribute 8 name,Attribute 8 value(s),Attribute 8 visible,Attribute 8 global,Attribute 9 name,Attribute 9 value(s),Attribute 9 visible,Attribute 9 global,Attribute 10 name,Attribute 10 value(s),Attribute 10 visible,Attribute 10 global,Attribute 11 name,Attribute 11 value(s),Attribute 11 visible,Attribute 11 global,Attribute 12 name,Attribute 12 value(s),Attribute 12 visible,Attribute 12 global,Attribute 13 name,Attribute 13 value(s),Attribute 13 visible,Attribute 13 global,Attribute 14 name,Attribute 14 value(s),Attribute 14 visible,Attribute 14 global,Attribute 15 name,Attribute 15 value(s),Attribute 15 visible,Attribute 15 global,Attribute 16 name,Attribute 16 value(s),Attribute 16 visible,Attribute 16 global,Attribute 17 name,Attribute 17 value(s),Attribute 17 visible,Attribute 17 global,Attribute 18 name,Attribute 18 value(s),Attribute 18 visible,Attribute 18 global,Attribute 19 name,Attribute 19 value(s),Attribute 19 visible,Attribute 19 global,Attribute 20 name,Attribute 20 value(s),Attribute 20 visible,Attribute 20 global,Attribute 21 name,Attribute 21 value(s),Attribute 21 visible,Attribute 21 global,Attribute 22 name,Attribute 22 value(s),Attribute 22 visible,Attribute 22 global,Attribute 23 name,Attribute 23 value(s),Attribute 23 visible,Attribute 23 global,Attribute 24 name,Attribute 24 value(s),Attribute 24 visible,Attribute 24 global
,simple,,DCA Cordless Drill ADJZ09-10A,1,0,visible,,,1,0,1,Thanks for purchasing,"5,300.00","5,800.00",Power Tools,,Dhaka Only,"Hammer2-180x180.jpg,compressor2-180x180.jpg,5a1805f4c4380abe6c5fdb80e54a9b3e-300x265.jpg,black-decker-car-polisher-60-watt-kp600-ae-180x180.jpg,Logo4.png,Drill-180x176.jpg,pay1.jpg,3-300x300.jpg,launch-2-post-3-5t-lift-fully-automatic-c-w-electric-locks-eco-1ph-3ph-tlt235sba-p1006-1318_medium-180x180.jpg,TB2TV8.aXXXXXXAXXXXXXXXXXXX_1734331216.jpg_430x430q90.jpg,CAR-POLISHING-MACHINE-180x180.jpg,e-88-900x900-300x300.jpg,Swing-mc1-180x180.jpg,100111549-cd5a1eaae921f6051a0ca21a9d94035e-180x180.jpg,Champion-generator-180x180.jpg,Angle-Grinder-180x180.jpg,monoblock_pumpset-180x180.png,Drill.jpg,pay2.jpg,compressor-180x180.jpg,81H4BNMiHmL._SY355_-180x180.jpg",0,yes,percentage,http://machineandtoolsbd.com/product/dca-cordless-drill-adjz09-10a/,"http://machineandtoolsbd.com/wp-content/uploads/2017/08/Logo4.png,http://machineandtoolsbd.com/wp-content/uploads/2017/12/TB2TV8.aXXXXXXAXXXXXXXXXXXX_1734331216.jpg_430x430q90.jpg,http://machineandtoolsbd.com/wp-content/uploads/2017/11/5a1805f4c4380abe6c5fdb80e54a9b3e-300x265.jpg,http://machineandtoolsbd.com/wp-content/uploads/2017/08/Drill.jpg,http://machineandtoolsbd.com/wp-content/uploads/2017/12/3-300x300.jpg,http://machineandtoolsbd.com/wp-content/uploads/2017/11/e-88-900x900-300x300.jpg,http://machineandtoolsbd.com/wp-content/uploads/2017/08/monoblock_pumpset-180x180.png,http://machineandtoolsbd.com/wp-content/uploads/2017/08/Angle-Grinder-180x180.jpg,http://machineandtoolsbd.com/wp-content/uploads/2017/08/Hammer2-180x180.jpg,http://machineandtoolsbd.com/wp-content/uploads/2017/08/Swing-mc1-180x180.jpg,http://machineandtoolsbd.com/wp-content/uploads/2017/08/Drill-180x176.jpg,http://machineandtoolsbd.com/wp-content/uploads/2017/08/compressor-180x180.jpg,http://machineandtoolsbd.com/wp-content/uploads/2017/08/Champion-generator-180x180.jpg,http://machineandtoolsbd.com/wp-content/uploads/2017/08/compressor2-180x180.jpg,http://machineandtoolsbd.com/wp-content/uploads/2017/10/launch-2-post-3-5t-lift-fully-automatic-c-w-electric-locks-eco-1ph-3ph-tlt235sba-p1006-1318_medium-180x180.jpg,http://machineandtoolsbd.com/wp-content/uploads/2017/10/100111549-cd5a1eaae921f6051a0ca21a9d94035e-180x180.jpg,http://machineandtoolsbd.com/wp-content/uploads/2017/10/CAR-POLISHING-MACHINE-180x180.jpg,http://machineandtoolsbd.com/wp-content/uploads/2017/11/81H4BNMiHmL._SY355_-180x180.jpg,http://machineandtoolsbd.com/wp-content/uploads/2017/11/black-decker-car-polisher-60-watt-kp600-ae-180x180.jpg,http://machineandtoolsbd.com/wp-content/uploads/2017/11/pay1.jpg,http://machineandtoolsbd.com/wp-content/uploads/2017/11/pay2.jpg",,,1,1,,,1,1,,,1,1,,,1,1,,,1,1,,,1,1,,,1,1,,,1,1,,,1,1,,,1,1,,,1,1,,,1,1,,,1,1,,,1,1,,,1,1,,,1,1,,,1,1,,,1,1,,,1,1,,,1,1,,,1,1,,,1,1,,,1,1,,,1,1
,simple,,Siemens Servo Motor SQN 30.401A 2700,1,0,visible,Following models are available in this category:,Following models are available in this category:,1,0,1,Thanks for purchasing,"33,000.00","35,000.00",Boiler Equipments,,Dhaka Only,"Hammer2-180x180.jpg,compressor2-180x180.jpg,black-decker-car-polisher-60-watt-kp600-ae-180x180.jpg,Logo4.png,Drill-180x176.jpg,pay1.jpg,launch-2-post-3-5t-lift-fully-automatic-c-w-electric-locks-eco-1ph-3ph-tlt235sba-p1006-1318_medium-180x180.jpg,Siemens-SQN31-221A2700-220-240v-Servo-Motor-750x750-600x600.jpg,controlador-llama-siemens-lfl1.322-300x300.jpg,2W-Series-2-way-Direct-Acting-Solenoid-Controlled-Diaphragm-Valve-Medium-Air-Water-Gas-and-Oil-1-300x300.jpg,detector-siemens-fotoelectrico-rar91-300x300.jpg,CAR-POLISHING-MACHINE-180x180.jpg,Swing-mc1-180x180.jpg,100111549-cd5a1eaae921f6051a0ca21a9d94035e-180x180.jpg,Champion-generator-180x180.jpg,Angle-Grinder-180x180.jpg,monoblock_pumpset-180x180.png,detector-llama-siemens-qra2-300x192.jpg,pay2.jpg,compressor-180x180.jpg,81H4BNMiHmL._SY355_-180x180.jpg",0,yes,percentage,http://machineandtoolsbd.com/product/siemens-servo-motor-sqn-30-401a-2700/,"http://machineandtoolsbd.com/wp-content/uploads/2017/08/Logo4.png,http://machineandtoolsbd.com/wp-content/uploads/2017/12/Siemens-SQN31-221A2700-220-240v-Servo-Motor-750x750-600x600.jpg,http://machineandtoolsbd.com/wp-content/uploads/2017/12/2W-Series-2-way-Direct-Acting-Solenoid-Controlled-Diaphragm-Valve-Medium-Air-Water-Gas-and-Oil-1-300x300.jpg,http://machineandtoolsbd.com/wp-content/uploads/2017/12/detector-llama-siemens-qra2-300x192.jpg,http://machineandtoolsbd.com/wp-content/uploads/2017/12/detector-siemens-fotoelectrico-rar91-300x300.jpg,http://machineandtoolsbd.com/wp-content/uploads/2017/12/controlador-llama-siemens-lfl1.322-300x300.jpg,http://machineandtoolsbd.com/wp-content/uploads/2017/08/monoblock_pumpset-180x180.png,http://machineandtoolsbd.com/wp-content/uploads/2017/08/Angle-Grinder-180x180.jpg,http://machineandtoolsbd.com/wp-content/uploads/2017/08/Hammer2-180x180.jpg,http://machineandtoolsbd.com/wp-content/uploads/2017/08/Swing-mc1-180x180.jpg,http://machineandtoolsbd.com/wp-content/uploads/2017/08/Drill-180x176.jpg,http://machineandtoolsbd.com/wp-content/uploads/2017/08/compressor-180x180.jpg,http://machineandtoolsbd.com/wp-content/uploads/2017/08/Champion-generator-180x180.jpg,http://machineandtoolsbd.com/wp-content/uploads/2017/08/compressor2-180x180.jpg,http://machineandtoolsbd.com/wp-content/uploads/2017/10/launch-2-post-3-5t-lift-fully-automatic-c-w-electric-locks-eco-1ph-3ph-tlt235sba-p1006-1318_medium-180x180.jpg,http://machineandtoolsbd.com/wp-content/uploads/2017/10/100111549-cd5a1eaae921f6051a0ca21a9d94035e-180x180.jpg,http://machineandtoolsbd.com/wp-content/uploads/2017/10/CAR-POLISHING-MACHINE-180x180.jpg,http://machineandtoolsbd.com/wp-content/uploads/2017/11/81H4BNMiHmL._SY355_-180x180.jpg,http://machineandtoolsbd.com/wp-content/uploads/2017/11/black-decker-car-polisher-60-watt-kp600-ae-180x180.jpg,http://machineandtoolsbd.com/wp-content/uploads/2017/11/pay1.jpg,http://machineandtoolsbd.com/wp-content/uploads/2017/11/pay2.jpg",Following models are available in this category,,1,1,,,1,1,,,1,1,,,1,1,,,1,1,,,1,1,,,1,1,,,1,1,,,1,1,,,1,1,,,1,1,,,1,1,,,1,1,,,1,1,,,1,1,,,1,1,,,1,1,,,1,1,,,1,1,,,1,1,,,1,1,,,1,1,,,1,1,,,1,1
,simple,,"Pressure Gauge, 15 mm, 0-250 PSI",1,0,visible,,,1,0,1,Thanks for purchasing,"1,550.00","1,850.00",Boiler Equipments,,Dhaka Only,"Hammer2-180x180.jpg,compressor2-180x180.jpg,black-decker-car-polisher-60-watt-kp600-ae-180x180.jpg,compound_pressurer_1-600x600.jpg,Logo4.png,Dungs-GW-Pressure-Switch-750x750-300x300.jpg,Drill-180x176.jpg,pay1.jpg,launch-2-post-3-5t-lift-fully-automatic-c-w-electric-locks-eco-1ph-3ph-tlt235sba-p1006-1318_medium-180x180.jpg,controlador-llama-siemens-lae1-300x300.jpg,oil-solenoid-valve-250x250.png,detector-siemens-fotoelectrico-rar91-300x300.jpg,CAR-POLISHING-MACHINE-180x180.jpg,Swing-mc1-180x180.jpg,100111549-cd5a1eaae921f6051a0ca21a9d94035e-180x180.jpg,Champion-generator-180x180.jpg,Angle-Grinder-180x180.jpg,monoblock_pumpset-180x180.png,pay2.jpg,compressor-180x180.jpg,81H4BNMiHmL._SY355_-180x180.jpg",0,yes,percentage,http://machineandtoolsbd.com/product/pressure-gauge-15-mm-0-250-psi/,"http://machineandtoolsbd.com/wp-content/uploads/2017/08/Logo4.png,http://machineandtoolsbd.com/wp-content/uploads/2019/01/compound_pressurer_1-600x600.jpg,http://machineandtoolsbd.com/wp-content/uploads/2017/12/Dungs-GW-Pressure-Switch-750x750-300x300.jpg,http://machineandtoolsbd.com/wp-content/uploads/2017/12/detector-siemens-fotoelectrico-rar91-300x300.jpg,http://machineandtoolsbd.com/wp-content/uploads/2017/12/controlador-llama-siemens-lae1-300x300.jpg,http://machineandtoolsbd.com/wp-content/uploads/2017/12/oil-solenoid-valve-250x250.png,http://machineandtoolsbd.com/wp-content/uploads/2017/08/monoblock_pumpset-180x180.png,http://machineandtoolsbd.com/wp-content/uploads/2017/08/Angle-Grinder-180x180.jpg,http://machineandtoolsbd.com/wp-content/uploads/2017/08/Hammer2-180x180.jpg,http://machineandtoolsbd.com/wp-content/uploads/2017/08/Swing-mc1-180x180.jpg,http://machineandtoolsbd.com/wp-content/uploads/2017/08/Drill-180x176.jpg,http://machineandtoolsbd.com/wp-content/uploads/2017/08/compressor-180x180.jpg,http://machineandtoolsbd.com/wp-content/uploads/2017/08/Champion-generator-180x180.jpg,http://machineandtoolsbd.com/wp-content/uploads/2017/08/compressor2-180x180.jpg,http://machineandtoolsbd.com/wp-content/uploads/2017/10/launch-2-post-3-5t-lift-fully-automatic-c-w-electric-locks-eco-1ph-3ph-tlt235sba-p1006-1318_medium-180x180.jpg,http://machineandtoolsbd.com/wp-content/uploads/2017/10/100111549-cd5a1eaae921f6051a0ca21a9d94035e-180x180.jpg,http://machineandtoolsbd.com/wp-content/uploads/2017/10/CAR-POLISHING-MACHINE-180x180.jpg,http://machineandtoolsbd.com/wp-content/uploads/2017/11/81H4BNMiHmL._SY355_-180x180.jpg,http://machineandtoolsbd.com/wp-content/uploads/2017/11/black-decker-car-polisher-60-watt-kp600-ae-180x180.jpg,http://machineandtoolsbd.com/wp-content/uploads/2017/11/pay1.jpg,http://machineandtoolsbd.com/wp-content/uploads/2017/11/pay2.jpg",,,1,1,,,1,1,,,1,1,,,1,1,,,1,1,,,1,1,,,1,1,,,1,1,,,1,1,,,1,1,,,1,1,,,1,1,,,1,1,,,1,1,,,1,1,,,1,1,,,1,1,,,1,1,,,1,1,,,1,1,,,1,1,,,1,1,,,1,1,,,1,1
,simple,,Bench drill machine Model: LT-16J,1,0,visible,,,1,0,1,Thanks for purchasing,"13,000.00","13,500.00",Machinery,,Dhaka Only,"Hammer2-180x180.jpg,compressor2-180x180.jpg,black-decker-car-polisher-60-watt-kp600-ae-180x180.jpg,Logo4.png,ken-5637-7-185mm-circular-free-blade-6-months-warranty-smartbuilder-1707-20-smartbuilder@3-300x300.jpg,Drill-180x176.jpg,pay1.jpg,launch-2-post-3-5t-lift-fully-automatic-c-w-electric-locks-eco-1ph-3ph-tlt235sba-p1006-1318_medium-180x180.jpg,Bosch-300x300.jpg,BENCH_DRILL_PRESS.jpg,pila-cirkuliarnaia-ken-5629-300x300.jpg,CAR-POLISHING-MACHINE-180x180.jpg,Swing-mc1-180x180.jpg,100111549-cd5a1eaae921f6051a0ca21a9d94035e-180x180.jpg,Champion-generator-180x180.jpg,Angle-Grinder-180x180.jpg,monoblock_pumpset-180x180.png,pay2.jpg,Screenshot_6-300x300.jpg,compressor-180x180.jpg,81H4BNMiHmL._SY355_-180x180.jpg",0,yes,percentage,http://machineandtoolsbd.com/product/bench-drill-machine-model-lt-16j/,"http://machineandtoolsbd.com/wp-content/uploads/2017/08/Logo4.png,http://machineandtoolsbd.com/wp-content/uploads/2017/12/BENCH_DRILL_PRESS.jpg,http://machineandtoolsbd.com/wp-content/uploads/2017/11/Screenshot_6-300x300.jpg,http://machineandtoolsbd.com/wp-content/uploads/2017/11/pila-cirkuliarnaia-ken-5629-300x300.jpg,http://machineandtoolsbd.com/wp-content/uploads/2017/11/ken-5637-7-185mm-circular-free-blade-6-months-warranty-smartbuilder-1707-20-smartbuilder@3-300x300.jpg,http://machineandtoolsbd.com/wp-content/uploads/2017/11/Bosch-300x300.jpg,http://machineandtoolsbd.com/wp-content/uploads/2017/08/monoblock_pumpset-180x180.png,http://machineandtoolsbd.com/wp-content/uploads/2017/08/Angle-Grinder-180x180.jpg,http://machineandtoolsbd.com/wp-content/uploads/2017/08/Hammer2-180x180.jpg,http://machineandtoolsbd.com/wp-content/uploads/2017/08/Swing-mc1-180x180.jpg,http://machineandtoolsbd.com/wp-content/uploads/2017/08/Drill-180x176.jpg,http://machineandtoolsbd.com/wp-content/uploads/2017/08/compressor-180x180.jpg,http://machineandtoolsbd.com/wp-content/uploads/2017/08/Champion-generator-180x180.jpg,http://machineandtoolsbd.com/wp-content/uploads/2017/08/compressor2-180x180.jpg,http://machineandtoolsbd.com/wp-content/uploads/2017/10/launch-2-post-3-5t-lift-fully-automatic-c-w-electric-locks-eco-1ph-3ph-tlt235sba-p1006-1318_medium-180x180.jpg,http://machineandtoolsbd.com/wp-content/uploads/2017/10/100111549-cd5a1eaae921f6051a0ca21a9d94035e-180x180.jpg,http://machineandtoolsbd.com/wp-content/uploads/2017/10/CAR-POLISHING-MACHINE-180x180.jpg,http://machineandtoolsbd.com/wp-content/uploads/2017/11/81H4BNMiHmL._SY355_-180x180.jpg,http://machineandtoolsbd.com/wp-content/uploads/2017/11/black-decker-car-polisher-60-watt-kp600-ae-180x180.jpg,http://machineandtoolsbd.com/wp-content/uploads/2017/11/pay1.jpg,http://machineandtoolsbd.com/wp-content/uploads/2017/11/pay2.jpg",,,1,1,,,1,1,,,1,1,,,1,1,,,1,1,,,1,1,,,1,1,,,1,1,,,1,1,,,1,1,,,1,1,,,1,1,,,1,1,,,1,1,,,1,1,,,1,1,,,1,1,,,1,1,,,1,1,,,1,1,,,1,1,,,1,1,,,1,1,,,1,1
,simple,,Electric Drill-DW216,1,0,visible,"Model: DW216
Drill Diameter 3-16mm

Rated Input Power 950W

No-Load Speed 600-1200r/min

Rated Frequency 50/60Hz

Rated Voltage 220-240V~","Model: DW216
Drill Diameter 3-16mm

Rated Input Power 950W

No-Load Speed 600-1200r/min

Rated Frequency 50/60Hz

Rated Voltage 220-240V~",1,0,1,Thanks for purchasing,"3,620.00","3,920.00",Power Tools,,Dhaka Only,"Hammer2-180x180.jpg,compressor2-180x180.jpg,black-decker-car-polisher-60-watt-kp600-ae-180x180.jpg,Logo4.png,Drill-180x176.jpg,pay1.jpg,b_201631411044867.jpg,launch-2-post-3-5t-lift-fully-automatic-c-w-electric-locks-eco-1ph-3ph-tlt235sba-p1006-1318_medium-180x180.jpg,Screenshot_17-300x300.jpg,Screenshot_13-300x300.jpg,Bosch-300x300.jpg,GKS-190-In-Bangladesh-01911737766-300x300.jpg,CAR-POLISHING-MACHINE-180x180.jpg,Swing-mc1-180x180.jpg,100111549-cd5a1eaae921f6051a0ca21a9d94035e-180x180.jpg,Champion-generator-180x180.jpg,Angle-Grinder-180x180.jpg,monoblock_pumpset-180x180.png,pay2.jpg,compressor-180x180.jpg,81H4BNMiHmL._SY355_-180x180.jpg",0,yes,percentage,http://machineandtoolsbd.com/product/electric-drill-dw216/,"http://machineandtoolsbd.com/wp-content/uploads/2017/08/Logo4.png,http://machineandtoolsbd.com/wp-content/uploads/2019/01/b_201631411044867.jpg,http://machineandtoolsbd.com/wp-content/uploads/2017/11/Screenshot_17-300x300.jpg,http://machineandtoolsbd.com/wp-content/uploads/2017/11/Bosch-300x300.jpg,http://machineandtoolsbd.com/wp-content/uploads/2017/11/GKS-190-In-Bangladesh-01911737766-300x300.jpg,http://machineandtoolsbd.com/wp-content/uploads/2017/11/Screenshot_13-300x300.jpg,http://machineandtoolsbd.com/wp-content/uploads/2017/08/monoblock_pumpset-180x180.png,http://machineandtoolsbd.com/wp-content/uploads/2017/08/Angle-Grinder-180x180.jpg,http://machineandtoolsbd.com/wp-content/uploads/2017/08/Hammer2-180x180.jpg,http://machineandtoolsbd.com/wp-content/uploads/2017/08/Swing-mc1-180x180.jpg,http://machineandtoolsbd.com/wp-content/uploads/2017/08/Drill-180x176.jpg,http://machineandtoolsbd.com/wp-content/uploads/2017/08/compressor-180x180.jpg,http://machineandtoolsbd.com/wp-content/uploads/2017/08/Champion-generator-180x180.jpg,http://machineandtoolsbd.com/wp-content/uploads/2017/08/compressor2-180x180.jpg,http://machineandtoolsbd.com/wp-content/uploads/2017/10/launch-2-post-3-5t-lift-fully-automatic-c-w-electric-locks-eco-1ph-3ph-tlt235sba-p1006-1318_medium-180x180.jpg,http://machineandtoolsbd.com/wp-content/uploads/2017/10/100111549-cd5a1eaae921f6051a0ca21a9d94035e-180x180.jpg,http://machineandtoolsbd.com/wp-content/uploads/2017/10/CAR-POLISHING-MACHINE-180x180.jpg,http://machineandtoolsbd.com/wp-content/uploads/2017/11/81H4BNMiHmL._SY355_-180x180.jpg,http://machineandtoolsbd.com/wp-content/uploads/2017/11/black-decker-car-polisher-60-watt-kp600-ae-180x180.jpg,http://machineandtoolsbd.com/wp-content/uploads/2017/11/pay1.jpg,http://machineandtoolsbd.com/wp-content/uploads/2017/11/pay2.jpg",Model,DW216,1,1,,,1,1,,,1,1,,,1,1,,,1,1,,,1,1,,,1,1,,,1,1,,,1,1,,,1,1,,,1,1,,,1,1,,,1,1,,,1,1,,,1,1,,,1,1,,,1,1,,,1,1,,,1,1,,,1,1,,,1,1,,,1,1,,,1,1,,,1,1
,simple,,Electric Drill / MED4006,1,0,visible,,,1,0,1,Thanks for purchasing,"1,875.00","2,050.00",Power Tools,,Dhaka Only,"Hammer2-180x180.jpg,compressor2-180x180.jpg,black-decker-car-polisher-60-watt-kp600-ae-180x180.jpg,MED4006-500x500.jpg,Logo4.png,Drill-180x176.jpg,pay1.jpg,launch-2-post-3-5t-lift-fully-automatic-c-w-electric-locks-eco-1ph-3ph-tlt235sba-p1006-1318_medium-180x180.jpg,Screenshot_16-300x300.jpg,Angle-Grinder-300x300.jpg,CAR-POLISHING-MACHINE-180x180.jpg,e-88-900x900-300x300.jpg,Swing-mc1-180x180.jpg,100111549-cd5a1eaae921f6051a0ca21a9d94035e-180x180.jpg,Champion-generator-180x180.jpg,Angle-Grinder-180x180.jpg,Screenshot8-300x300.png,monoblock_pumpset-180x180.png,pay2.jpg,compressor-180x180.jpg,81H4BNMiHmL._SY355_-180x180.jpg",0,yes,percentage,http://machineandtoolsbd.com/product/electric-drill-med4006/,"http://machineandtoolsbd.com/wp-content/uploads/2017/08/Logo4.png,http://machineandtoolsbd.com/wp-content/uploads/2018/10/MED4006-500x500.jpg,http://machineandtoolsbd.com/wp-content/uploads/2017/11/Screenshot_16-300x300.jpg,http://machineandtoolsbd.com/wp-content/uploads/2017/12/Screenshot8-300x300.png,http://machineandtoolsbd.com/wp-content/uploads/2017/08/Angle-Grinder-300x300.jpg,http://machineandtoolsbd.com/wp-content/uploads/2017/11/e-88-900x900-300x300.jpg,http://machineandtoolsbd.com/wp-content/uploads/2017/08/monoblock_pumpset-180x180.png,http://machineandtoolsbd.com/wp-content/uploads/2017/08/Angle-Grinder-180x180.jpg,http://machineandtoolsbd.com/wp-content/uploads/2017/08/Hammer2-180x180.jpg,http://machineandtoolsbd.com/wp-content/uploads/2017/08/Swing-mc1-180x180.jpg,http://machineandtoolsbd.com/wp-content/uploads/2017/08/Drill-180x176.jpg,http://machineandtoolsbd.com/wp-content/uploads/2017/08/compressor-180x180.jpg,http://machineandtoolsbd.com/wp-content/uploads/2017/08/Champion-generator-180x180.jpg,http://machineandtoolsbd.com/wp-content/uploads/2017/08/compressor2-180x180.jpg,http://machineandtoolsbd.com/wp-content/uploads/2017/10/launch-2-post-3-5t-lift-fully-automatic-c-w-electric-locks-eco-1ph-3ph-tlt235sba-p1006-1318_medium-180x180.jpg,http://machineandtoolsbd.com/wp-content/uploads/2017/10/100111549-cd5a1eaae921f6051a0ca21a9d94035e-180x180.jpg,http://machineandtoolsbd.com/wp-content/uploads/2017/10/CAR-POLISHING-MACHINE-180x180.jpg,http://machineandtoolsbd.com/wp-content/uploads/2017/11/81H4BNMiHmL._SY355_-180x180.jpg,http://machineandtoolsbd.com/wp-content/uploads/2017/11/black-decker-car-polisher-60-watt-kp600-ae-180x180.jpg,http://machineandtoolsbd.com/wp-content/uploads/2017/11/pay1.jpg,http://machineandtoolsbd.com/wp-content/uploads/2017/11/pay2.jpg",,,1,1,,,1,1,,,1,1,,,1,1,,,1,1,,,1,1,,,1,1,,,1,1,,,1,1,,,1,1,,,1,1,,,1,1,,,1,1,,,1,1,,,1,1,,,1,1,,,1,1,,,1,1,,,1,1,,,1,1,,,1,1,,,1,1,,,1,1,,,1,1
,simple,,High Pressure Washer / CT42024,1,0,visible,"High Pressure Washer
 CT42024
Rated power: 2000 W
Pressure :150 Bar
Amperage at voltage: 230 V 8.23 A
Net weight: 13 kg
-max. feed pressure: 0.7 MPa
-max. feed temperature: <60 °C
-min. flow rate: 6.78 l/min
-rated pressure: 11 MPa
-max. pressure: 15 MPa
-flow rate: 6.7 l/min
-max. flow rate: 7.8 l/min","High Pressure Washer
 CT42024
Rated power: 2000 W
Pressure :150 Bar
Amperage at voltage: 230 V 8.23 A
Net weight: 13 kg
-max. feed pressure: 0.7 MPa
-max. feed temperature: <60 °C
-min. flow rate: 6.78 l/min
-rated pressure: 11 MPa
-max. pressure: 15 MPa
-flow rate: 6.7 l/min
-max. flow rate: 7.8 l/min",1,0,1,Thanks for purchasing,"12,000.00","15,500.00",Automobile Equipments,,Dhaka Only,"Hammer2-180x180.jpg,compressor2-180x180.jpg,black-decker-car-polisher-60-watt-kp600-ae-180x180.jpg,Logo4.png,Drill-180x176.jpg,pay1.jpg,launch-2-post-3-5t-lift-fully-automatic-c-w-electric-locks-eco-1ph-3ph-tlt235sba-p1006-1318_medium-180x180.jpg,41znrRotlkL._SY355_-300x300.jpg,81NCVjADUPL._SL1500_-300x300.jpg,16018220-300x300.jpg,WV1-window-vac-cleaner-DIN-Karcher-Home-Garden-Window-Vacs-1-karcher-home-garden-products-buy-online-uk-300x300.jpg,CAR-POLISHING-MACHINE-180x180.jpg,Swing-mc1-180x180.jpg,100111549-cd5a1eaae921f6051a0ca21a9d94035e-180x180.jpg,Champion-generator-180x180.jpg,Angle-Grinder-180x180.jpg,CT42024-500x500.png,monoblock_pumpset-180x180.png,pay2.jpg,compressor-180x180.jpg,81H4BNMiHmL._SY355_-180x180.jpg",0,yes,percentage,http://machineandtoolsbd.com/product/high-pressure-washer-ct42024/,"http://machineandtoolsbd.com/wp-content/uploads/2017/08/Logo4.png,http://machineandtoolsbd.com/wp-content/uploads/2018/10/CT42024-500x500.png,http://machineandtoolsbd.com/wp-content/uploads/2018/02/81NCVjADUPL._SL1500_-300x300.jpg,http://machineandtoolsbd.com/wp-content/uploads/2017/11/41znrRotlkL._SY355_-300x300.jpg,http://machineandtoolsbd.com/wp-content/uploads/2017/11/WV1-window-vac-cleaner-DIN-Karcher-Home-Garden-Window-Vacs-1-karcher-home-garden-products-buy-online-uk-300x300.jpg,http://machineandtoolsbd.com/wp-content/uploads/2017/11/16018220-300x300.jpg,http://machineandtoolsbd.com/wp-content/uploads/2017/08/monoblock_pumpset-180x180.png,http://machineandtoolsbd.com/wp-content/uploads/2017/08/Angle-Grinder-180x180.jpg,http://machineandtoolsbd.com/wp-content/uploads/2017/08/Hammer2-180x180.jpg,http://machineandtoolsbd.com/wp-content/uploads/2017/08/Swing-mc1-180x180.jpg,http://machineandtoolsbd.com/wp-content/uploads/2017/08/Drill-180x176.jpg,http://machineandtoolsbd.com/wp-content/uploads/2017/08/compressor-180x180.jpg,http://machineandtoolsbd.com/wp-content/uploads/2017/08/Champion-generator-180x180.jpg,http://machineandtoolsbd.com/wp-content/uploads/2017/08/compressor2-180x180.jpg,http://machineandtoolsbd.com/wp-content/uploads/2017/10/launch-2-post-3-5t-lift-fully-automatic-c-w-electric-locks-eco-1ph-3ph-tlt235sba-p1006-1318_medium-180x180.jpg,http://machineandtoolsbd.com/wp-content/uploads/2017/10/100111549-cd5a1eaae921f6051a0ca21a9d94035e-180x180.jpg,http://machineandtoolsbd.com/wp-content/uploads/2017/10/CAR-POLISHING-MACHINE-180x180.jpg,http://machineandtoolsbd.com/wp-content/uploads/2017/11/81H4BNMiHmL._SY355_-180x180.jpg,http://machineandtoolsbd.com/wp-content/uploads/2017/11/black-decker-car-polisher-60-watt-kp600-ae-180x180.jpg,http://machineandtoolsbd.com/wp-content/uploads/2017/11/pay1.jpg,http://machineandtoolsbd.com/wp-content/uploads/2017/11/pay2.jpg",Rated power,2000 W,1,1,Pressure,150 Bar,1,1,Amperage at voltage,230 V 8.23 A,1,1,Net weight,13 kg,1,1,-max. feed pressure,0.7 MPa,1,1,-max. feed temperature,<60 °C,1,1,-min. flow rate,6.78 l/min,1,1,-rated pressure,11 MPa,1,1,-max. pressure,15 MPa,1,1,-flow rate,6.7 l/min,1,1,-max. flow rate,7.8 l/min,1,1,,,1,1,,,1,1,,,1,1,,,1,1,,,1,1,,,1,1,,,1,1,,,1,1,,,1,1,,,1,1,,,1,1,,,1,1,,,1,1
,simple,,Sun-Fuel portable Gas,1,0,visible,,,1,0,1,Thanks for purchasing,,250.00,Safety Equipments,,Dhaka Only,"Hammer2-180x180.jpg,compressor2-180x180.jpg,SUN-FUEL.jpg,black-decker-car-polisher-60-watt-kp600-ae-180x180.jpg,Logo4.png,Drill-180x176.jpg,cbe9caa5_a72cc010_719f_4491_a58e_aafb2574e2cd.jpg,pay1.jpg,launch-2-post-3-5t-lift-fully-automatic-c-w-electric-locks-eco-1ph-3ph-tlt235sba-p1006-1318_medium-180x180.jpg,sun-butane-fuel-gas-canister-cartridge-set-of-4-1486523390-50520701-81fb8d3a5e7e08fd984bb854e9438f80-600x600.jpg,1ZDGD-300x300.jpg,1-1-600x600.jpg,CAR-POLISHING-MACHINE-180x180.jpg,Swing-mc1-180x180.jpg,100111549-cd5a1eaae921f6051a0ca21a9d94035e-180x180.jpg,Champion-generator-180x180.jpg,safety_vest_FV200-229x300.png,TB2anoTqVXXXXaTXpXXXXXXXXXX_2000961787.jpg,JA0361380_jastek_platform_hand_truck_300kg-300x300.jpg,Angle-Grinder-180x180.jpg,TB2YxAnqVXXXXazXpXXXXXXXXXX_2000961787-600x600.jpg,monoblock_pumpset-180x180.png,pay2.jpg,compressor-180x180.jpg,81H4BNMiHmL._SY355_-180x180.jpg,mini-fogging-machines-500x500-300x300.jpg",0,yes,percentage,http://machineandtoolsbd.com/product/sun-fuel-portable-gas/,"http://machineandtoolsbd.com/wp-content/uploads/2017/08/Logo4.png,http://machineandtoolsbd.com/wp-content/uploads/2017/11/cbe9caa5_a72cc010_719f_4491_a58e_aafb2574e2cd.jpg,http://machineandtoolsbd.com/wp-content/uploads/2017/11/1-1-600x600.jpg,http://machineandtoolsbd.com/wp-content/uploads/2017/11/SUN-FUEL.jpg,http://machineandtoolsbd.com/wp-content/uploads/2017/11/sun-butane-fuel-gas-canister-cartridge-set-of-4-1486523390-50520701-81fb8d3a5e7e08fd984bb854e9438f80-600x600.jpg,http://machineandtoolsbd.com/wp-content/uploads/2017/11/TB2anoTqVXXXXaTXpXXXXXXXXXX_2000961787.jpg,http://machineandtoolsbd.com/wp-content/uploads/2017/11/TB2YxAnqVXXXXazXpXXXXXXXXXX_2000961787-600x600.jpg,http://machineandtoolsbd.com/wp-content/uploads/2017/11/JA0361380_jastek_platform_hand_truck_300kg-300x300.jpg,http://machineandtoolsbd.com/wp-content/uploads/2018/08/safety_vest_FV200-229x300.png,http://machineandtoolsbd.com/wp-content/uploads/2018/08/1ZDGD-300x300.jpg,http://machineandtoolsbd.com/wp-content/uploads/2017/10/mini-fogging-machines-500x500-300x300.jpg,http://machineandtoolsbd.com/wp-content/uploads/2017/08/monoblock_pumpset-180x180.png,http://machineandtoolsbd.com/wp-content/uploads/2017/08/Angle-Grinder-180x180.jpg,http://machineandtoolsbd.com/wp-content/uploads/2017/08/Hammer2-180x180.jpg,http://machineandtoolsbd.com/wp-content/uploads/2017/08/Swing-mc1-180x180.jpg,http://machineandtoolsbd.com/wp-content/uploads/2017/08/Drill-180x176.jpg,http://machineandtoolsbd.com/wp-content/uploads/2017/08/compressor-180x180.jpg,http://machineandtoolsbd.com/wp-content/uploads/2017/08/Champion-generator-180x180.jpg,http://machineandtoolsbd.com/wp-content/uploads/2017/08/compressor2-180x180.jpg,http://machineandtoolsbd.com/wp-content/uploads/2017/10/launch-2-post-3-5t-lift-fully-automatic-c-w-electric-locks-eco-1ph-3ph-tlt235sba-p1006-1318_medium-180x180.jpg,http://machineandtoolsbd.com/wp-content/uploads/2017/10/100111549-cd5a1eaae921f6051a0ca21a9d94035e-180x180.jpg,http://machineandtoolsbd.com/wp-content/uploads/2017/10/CAR-POLISHING-MACHINE-180x180.jpg,http://machineandtoolsbd.com/wp-content/uploads/2017/11/81H4BNMiHmL._SY355_-180x180.jpg,http://machineandtoolsbd.com/wp-content/uploads/2017/11/black-decker-car-polisher-60-watt-kp600-ae-180x180.jpg,http://machineandtoolsbd.com/wp-content/uploads/2017/11/pay1.jpg,http://machineandtoolsbd.com/wp-content/uploads/2017/11/pay2.jpg",,,1,1,,,1,1,,,1,1,,,1,1,,,1,1,,,1,1,,,1,1,,,1,1,,,1,1,,,1,1,,,1,1,,,1,1,,,1,1,,,1,1,,,1,1,,,1,1,,,1,1,,,1,1,,,1,1,,,1,1,,,1,1,,,1,1,,,1,1,,,1,1
,simple,,"Y Strainer, SS, 1 Inch",1,0,visible,,,1,0,1,Thanks for purchasing,"2,200.00","2,550.00",Boiler Equipments,,Dhaka Only,"Hammer2-180x180.jpg,compressor2-180x180.jpg,black-decker-car-polisher-60-watt-kp600-ae-180x180.jpg,Logo4.png,Siemens-SQN31-221A2700-220-240v-Servo-Motor-750x750-300x300.jpg,Drill-180x176.jpg,pay1.jpg,y_strain_3-600x600.jpg,launch-2-post-3-5t-lift-fully-automatic-c-w-electric-locks-eco-1ph-3ph-tlt235sba-p1006-1318_medium-180x180.jpg,F1215646-01-300x300.jpg,4V400-series-Product-Feature-1-300x300.jpg,controlador-llama-rm7840l-honeywell-300x300.jpg,CAR-POLISHING-MACHINE-180x180.jpg,Swing-mc1-180x180.jpg,100111549-cd5a1eaae921f6051a0ca21a9d94035e-180x180.jpg,Champion-generator-180x180.jpg,Angle-Grinder-180x180.jpg,monoblock_pumpset-180x180.png,pay2.jpg,compressor-180x180.jpg,81H4BNMiHmL._SY355_-180x180.jpg",0,yes,percentage,http://machineandtoolsbd.com/product/y-strainer-ss-1-inch/,"http://machineandtoolsbd.com/wp-content/uploads/2017/08/Logo4.png,http://machineandtoolsbd.com/wp-content/uploads/2019/01/y_strain_3-600x600.jpg,http://machineandtoolsbd.com/wp-content/uploads/2017/12/controlador-llama-rm7840l-honeywell-300x300.jpg,http://machineandtoolsbd.com/wp-content/uploads/2017/12/F1215646-01-300x300.jpg,http://machineandtoolsbd.com/wp-content/uploads/2017/12/Siemens-SQN31-221A2700-220-240v-Servo-Motor-750x750-300x300.jpg,http://machineandtoolsbd.com/wp-content/uploads/2017/12/4V400-series-Product-Feature-1-300x300.jpg,http://machineandtoolsbd.com/wp-content/uploads/2017/08/monoblock_pumpset-180x180.png,http://machineandtoolsbd.com/wp-content/uploads/2017/08/Angle-Grinder-180x180.jpg,http://machineandtoolsbd.com/wp-content/uploads/2017/08/Hammer2-180x180.jpg,http://machineandtoolsbd.com/wp-content/uploads/2017/08/Swing-mc1-180x180.jpg,http://machineandtoolsbd.com/wp-content/uploads/2017/08/Drill-180x176.jpg,http://machineandtoolsbd.com/wp-content/uploads/2017/08/compressor-180x180.jpg,http://machineandtoolsbd.com/wp-content/uploads/2017/08/Champion-generator-180x180.jpg,http://machineandtoolsbd.com/wp-content/uploads/2017/08/compressor2-180x180.jpg,http://machineandtoolsbd.com/wp-content/uploads/2017/10/launch-2-post-3-5t-lift-fully-automatic-c-w-electric-locks-eco-1ph-3ph-tlt235sba-p1006-1318_medium-180x180.jpg,http://machineandtoolsbd.com/wp-content/uploads/2017/10/100111549-cd5a1eaae921f6051a0ca21a9d94035e-180x180.jpg,http://machineandtoolsbd.com/wp-content/uploads/2017/10/CAR-POLISHING-MACHINE-180x180.jpg,http://machineandtoolsbd.com/wp-content/uploads/2017/11/81H4BNMiHmL._SY355_-180x180.jpg,http://machineandtoolsbd.com/wp-content/uploads/2017/11/black-decker-car-polisher-60-watt-kp600-ae-180x180.jpg,http://machineandtoolsbd.com/wp-content/uploads/2017/11/pay1.jpg,http://machineandtoolsbd.com/wp-content/uploads/2017/11/pay2.jpg",,,1,1,,,1,1,,,1,1,,,1,1,,,1,1,,,1,1,,,1,1,,,1,1,,,1,1,,,1,1,,,1,1,,,1,1,,,1,1,,,1,1,,,1,1,,,1,1,,,1,1,,,1,1,,,1,1,,,1,1,,,1,1,,,1,1,,,1,1,,,1,1
,simple,,Bosch Double-Wheeled Bench Grinder GBG 35-15Professional,1,0,visible,,,1,0,1,Thanks for purchasing,"10,500.00","12,500.00",Power Tools,,Dhaka Only,"Screenshot_10-600x529.jpg,Hammer2-180x180.jpg,compressor2-180x180.jpg,Screenshot_11-600x536.jpg,black-decker-car-polisher-60-watt-kp600-ae-180x180.jpg,Logo4.png,Drill-180x176.jpg,pay1.jpg,monoblock_pumpset-250x300.png,launch-2-post-3-5t-lift-fully-automatic-c-w-electric-locks-eco-1ph-3ph-tlt235sba-p1006-1318_medium-180x180.jpg,GKS-190-In-Bangladesh-01911737766-300x300.jpg,pila-cirkuliarnaia-ken-5629-300x300.jpg,CAR-POLISHING-MACHINE-180x180.jpg,Swing-mc1-180x180.jpg,100111549-cd5a1eaae921f6051a0ca21a9d94035e-180x180.jpg,Champion-generator-180x180.jpg,Bosch-Double-Wheeled-Bench-Grinder-GBG-8-Professional-600x600.jpg,Angle-Grinder-180x180.jpg,monoblock_pumpset-180x180.png,pay2.jpg,compressor-180x180.jpg,81H4BNMiHmL._SY355_-180x180.jpg,compressor-300x300.jpg",0,yes,percentage,http://machineandtoolsbd.com/product/bosch-double-wheeled-bench-grinder-gbg-8-professional/,"http://machineandtoolsbd.com/wp-content/uploads/2017/08/Logo4.png,http://machineandtoolsbd.com/wp-content/uploads/2017/11/Bosch-Double-Wheeled-Bench-Grinder-GBG-8-Professional-600x600.jpg,http://machineandtoolsbd.com/wp-content/uploads/2017/11/Screenshot_10-600x529.jpg,http://machineandtoolsbd.com/wp-content/uploads/2017/11/Screenshot_11-600x536.jpg,http://machineandtoolsbd.com/wp-content/uploads/2017/08/compressor-300x300.jpg,http://machineandtoolsbd.com/wp-content/uploads/2017/11/GKS-190-In-Bangladesh-01911737766-300x300.jpg,http://machineandtoolsbd.com/wp-content/uploads/2017/11/pila-cirkuliarnaia-ken-5629-300x300.jpg,http://machineandtoolsbd.com/wp-content/uploads/2017/08/monoblock_pumpset-250x300.png,http://machineandtoolsbd.com/wp-content/uploads/2017/08/monoblock_pumpset-180x180.png,http://machineandtoolsbd.com/wp-content/uploads/2017/08/Angle-Grinder-180x180.jpg,http://machineandtoolsbd.com/wp-content/uploads/2017/08/Hammer2-180x180.jpg,http://machineandtoolsbd.com/wp-content/uploads/2017/08/Swing-mc1-180x180.jpg,http://machineandtoolsbd.com/wp-content/uploads/2017/08/Drill-180x176.jpg,http://machineandtoolsbd.com/wp-content/uploads/2017/08/compressor-180x180.jpg,http://machineandtoolsbd.com/wp-content/uploads/2017/08/Champion-generator-180x180.jpg,http://machineandtoolsbd.com/wp-content/uploads/2017/08/compressor2-180x180.jpg,http://machineandtoolsbd.com/wp-content/uploads/2017/10/launch-2-post-3-5t-lift-fully-automatic-c-w-electric-locks-eco-1ph-3ph-tlt235sba-p1006-1318_medium-180x180.jpg,http://machineandtoolsbd.com/wp-content/uploads/2017/10/100111549-cd5a1eaae921f6051a0ca21a9d94035e-180x180.jpg,http://machineandtoolsbd.com/wp-content/uploads/2017/10/CAR-POLISHING-MACHINE-180x180.jpg,http://machineandtoolsbd.com/wp-content/uploads/2017/11/81H4BNMiHmL._SY355_-180x180.jpg,http://machineandtoolsbd.com/wp-content/uploads/2017/11/black-decker-car-polisher-60-watt-kp600-ae-180x180.jpg,http://machineandtoolsbd.com/wp-content/uploads/2017/11/pay1.jpg,http://machineandtoolsbd.com/wp-content/uploads/2017/11/pay2.jpg",,,1,1,,,1,1,,,1,1,,,1,1,,,1,1,,,1,1,,,1,1,,,1,1,,,1,1,,,1,1,,,1,1,,,1,1,,,1,1,,,1,1,,,1,1,,,1,1,,,1,1,,,1,1,,,1,1,,,1,1,,,1,1,,,1,1,,,1,1,,,1,1
,simple,,Polishing Buffing Pad for Car polisher,1,0,visible,"Feature:
 ","Feature:
 ",1,0,1,Thanks for purchasing,600.00,700.00,Automobile Equipments,,Dhaka Only,"Hammer2-180x180.jpg,compressor2-180x180.jpg,black-decker-car-polisher-60-watt-kp600-ae-180x180.jpg,Logo4.png,12726675_1096990593700239_1013516678_n-300x300.jpg,Drill-180x176.jpg,pay1.jpg,19746-300x300.jpg,launch-2-post-3-5t-lift-fully-automatic-c-w-electric-locks-eco-1ph-3ph-tlt235sba-p1006-1318_medium-180x180.jpg,16018220-300x300.jpg,cc4ed231-269c-14f9-62e2-71ccd77beb94-600x600.jpg,CAR-POLISHING-MACHINE-180x180.jpg,Swing-mc1-180x180.jpg,100111549-cd5a1eaae921f6051a0ca21a9d94035e-180x180.jpg,Champion-generator-180x180.jpg,Angle-Grinder-180x180.jpg,monoblock_pumpset-180x180.png,pay2.jpg,compressor-180x180.jpg,81H4BNMiHmL._SY355_-180x180.jpg,black-decker-car-polisher-60-watt-kp600-ae-300x300.jpg",0,yes,percentage,http://machineandtoolsbd.com/product/polishing-buffing-pad-for-car-polisher/,"http://machineandtoolsbd.com/wp-content/uploads/2017/08/Logo4.png,http://machineandtoolsbd.com/wp-content/uploads/2018/09/cc4ed231-269c-14f9-62e2-71ccd77beb94-600x600.jpg,http://machineandtoolsbd.com/wp-content/uploads/2017/11/16018220-300x300.jpg,http://machineandtoolsbd.com/wp-content/uploads/2017/11/19746-300x300.jpg,http://machineandtoolsbd.com/wp-content/uploads/2017/11/12726675_1096990593700239_1013516678_n-300x300.jpg,http://machineandtoolsbd.com/wp-content/uploads/2017/11/black-decker-car-polisher-60-watt-kp600-ae-300x300.jpg,http://machineandtoolsbd.com/wp-content/uploads/2017/08/monoblock_pumpset-180x180.png,http://machineandtoolsbd.com/wp-content/uploads/2017/08/Angle-Grinder-180x180.jpg,http://machineandtoolsbd.com/wp-content/uploads/2017/08/Hammer2-180x180.jpg,http://machineandtoolsbd.com/wp-content/uploads/2017/08/Swing-mc1-180x180.jpg,http://machineandtoolsbd.com/wp-content/uploads/2017/08/Drill-180x176.jpg,http://machineandtoolsbd.com/wp-content/uploads/2017/08/compressor-180x180.jpg,http://machineandtoolsbd.com/wp-content/uploads/2017/08/Champion-generator-180x180.jpg,http://machineandtoolsbd.com/wp-content/uploads/2017/08/compressor2-180x180.jpg,http://machineandtoolsbd.com/wp-content/uploads/2017/10/launch-2-post-3-5t-lift-fully-automatic-c-w-electric-locks-eco-1ph-3ph-tlt235sba-p1006-1318_medium-180x180.jpg,http://machineandtoolsbd.com/wp-content/uploads/2017/10/100111549-cd5a1eaae921f6051a0ca21a9d94035e-180x180.jpg,http://machineandtoolsbd.com/wp-content/uploads/2017/10/CAR-POLISHING-MACHINE-180x180.jpg,http://machineandtoolsbd.com/wp-content/uploads/2017/11/81H4BNMiHmL._SY355_-180x180.jpg,http://machineandtoolsbd.com/wp-content/uploads/2017/11/black-decker-car-polisher-60-watt-kp600-ae-180x180.jpg,http://machineandtoolsbd.com/wp-content/uploads/2017/11/pay1.jpg,http://machineandtoolsbd.com/wp-content/uploads/2017/11/pay2.jpg",Feature,,1,1,,,1,1,,,1,1,,,1,1,,,1,1,,,1,1,,,1,1,,,1,1,,,1,1,,,1,1,,,1,1,,,1,1,,,1,1,,,1,1,,,1,1,,,1,1,,,1,1,,,1,1,,,1,1,,,1,1,,,1,1,,,1,1,,,1,1,,,1,1
,simple,,0-25mm Micrometer-INGCO,1,0,visible,"Carbide Measuring
Ratchet Stop
Size: 0-25mm
Precision : 0.01mm","Carbide Measuring
Ratchet Stop
Size: 0-25mm
Precision : 0.01mm",1,0,1,Thanks for purchasing,950.00,970.00,Hardwere & Tools,,Dhaka Only,"Hammer2-180x180.jpg,compressor2-180x180.jpg,black-decker-car-polisher-60-watt-kp600-ae-180x180.jpg,Logo4.png,Drill-180x176.jpg,pay1.jpg,launch-2-post-3-5t-lift-fully-automatic-c-w-electric-locks-eco-1ph-3ph-tlt235sba-p1006-1318_medium-180x180.jpg,HAVE2510_a-600x600.jpg,set-8-chiavi-inglesi-fisse-a-forchetta-in-acciaio-ingco-6-22-mm-con-custodia-P-396180-4988135_1-300x300.jpg,CAR-POLISHING-MACHINE-180x180.jpg,Swing-mc1-180x180.jpg,100111549-cd5a1eaae921f6051a0ca21a9d94035e-180x180.jpg,Champion-generator-180x180.jpg,ss-300x300.jpg,Angle-Grinder-180x180.jpg,1-300x300.jpg,monoblock_pumpset-180x180.png,pay2.jpg,compressor-180x180.jpg,81H4BNMiHmL._SY355_-180x180.jpg,images.jpg",0,yes,percentage,http://machineandtoolsbd.com/product/0-25mm-micrometer-ingco/,"http://machineandtoolsbd.com/wp-content/uploads/2017/08/Logo4.png,http://machineandtoolsbd.com/wp-content/uploads/2017/11/HAVE2510_a-600x600.jpg,http://machineandtoolsbd.com/wp-content/uploads/2017/12/images.jpg,http://machineandtoolsbd.com/wp-content/uploads/2017/11/set-8-chiavi-inglesi-fisse-a-forchetta-in-acciaio-ingco-6-22-mm-con-custodia-P-396180-4988135_1-300x300.jpg,http://machineandtoolsbd.com/wp-content/uploads/2017/12/1-300x300.jpg,http://machineandtoolsbd.com/wp-content/uploads/2017/12/ss-300x300.jpg,http://machineandtoolsbd.com/wp-content/uploads/2017/08/monoblock_pumpset-180x180.png,http://machineandtoolsbd.com/wp-content/uploads/2017/08/Angle-Grinder-180x180.jpg,http://machineandtoolsbd.com/wp-content/uploads/2017/08/Hammer2-180x180.jpg,http://machineandtoolsbd.com/wp-content/uploads/2017/08/Swing-mc1-180x180.jpg,http://machineandtoolsbd.com/wp-content/uploads/2017/08/Drill-180x176.jpg,http://machineandtoolsbd.com/wp-content/uploads/2017/08/compressor-180x180.jpg,http://machineandtoolsbd.com/wp-content/uploads/2017/08/Champion-generator-180x180.jpg,http://machineandtoolsbd.com/wp-content/uploads/2017/08/compressor2-180x180.jpg,http://machineandtoolsbd.com/wp-content/uploads/2017/10/launch-2-post-3-5t-lift-fully-automatic-c-w-electric-locks-eco-1ph-3ph-tlt235sba-p1006-1318_medium-180x180.jpg,http://machineandtoolsbd.com/wp-content/uploads/2017/10/100111549-cd5a1eaae921f6051a0ca21a9d94035e-180x180.jpg,http://machineandtoolsbd.com/wp-content/uploads/2017/10/CAR-POLISHING-MACHINE-180x180.jpg,http://machineandtoolsbd.com/wp-content/uploads/2017/11/81H4BNMiHmL._SY355_-180x180.jpg,http://machineandtoolsbd.com/wp-content/uploads/2017/11/black-decker-car-polisher-60-watt-kp600-ae-180x180.jpg,http://machineandtoolsbd.com/wp-content/uploads/2017/11/pay1.jpg,http://machineandtoolsbd.com/wp-content/uploads/2017/11/pay2.jpg",Size,0-25mm,1,1,Precision,0.01mm,1,1,,,1,1,,,1,1,,,1,1,,,1,1,,,1,1,,,1,1,,,1,1,,,1,1,,,1,1,,,1,1,,,1,1,,,1,1,,,1,1,,,1,1,,,1,1,,,1,1,,,1,1,,,1,1,,,1,1,,,1,1,,,1,1,,,1,1
,simple,,Electric Car High Pressure Washing Cleaner Machine – 120 Bar Pressure,1,0,visible,"Packaged included:

1 x Car Pressure Cleaner

1 x inlet pipe

1 x outlet pipe

1 x Manual

1 x water gun
Specifications:

Speed: 2800r/min

Range: 8m

Flow rate: 10L/min

Material:Metal

Type:Plastic tube/copper tube

Size:38 x 14 x 21cm

Color:Orange/Yellow/Blue

Power:1700W

Uses:Cleaning the car doors and windows

Voltage:220V

Drive:Electric

Scope of application:Car wash Small cleaning

Weight:11KG

Maximum inlet temperature:30℃

Spray stroke:15m

Net weight:11KG

Maximum pressure:9bar 1300Psi

Rated power: 50Hz

Power cord length: 1.8 meters

Inlet pipe length: 1.6 meters

Outlet pipe: 8 meters
Features:

-Suitable use for cleaning cars, boats, yards, buildings, vehicles and concrete surfaces.

-120 Bar max pressure

-Small size, easy to carry.

-Dual-use water. Connect faucets and self-priming pumping.","Packaged included:

1 x Car Pressure Cleaner

1 x inlet pipe

1 x outlet pipe

1 x Manual

1 x water gun
Specifications:

Speed: 2800r/min

Range: 8m

Flow rate: 10L/min

Material:Metal

Type:Plastic tube/copper tube

Size:38 x 14 x 21cm

Color:Orange/Yellow/Blue

Power:1700W

Uses:Cleaning the car doors and windows

Voltage:220V

Drive:Electric

Scope of application:Car wash Small cleaning

Weight:11KG

Maximum inlet temperature:30℃

Spray stroke:15m

Net weight:11KG

Maximum pressure:9bar 1300Psi

Rated power: 50Hz

Power cord length: 1.8 meters

Inlet pipe length: 1.6 meters

Outlet pipe: 8 meters
Features:

-Suitable use for cleaning cars, boats, yards, buildings, vehicles and concrete surfaces.

-120 Bar max pressure

-Small size, easy to carry.

-Dual-use water. Connect faucets and self-priming pumping.",1,0,1,Thanks for purchasing,"12,000.00","15,000.00",Automobile Equipments,,Dhaka Only,"Hammer2-180x180.jpg,compressor2-180x180.jpg,10811400-300x300.jpg,black-decker-car-polisher-60-watt-kp600-ae-180x180.jpg,Logo4.png,Drill-180x176.jpg,pay1.jpg,HTB1.TZtpEOWBKNjSZKzq6xfWFXaH-600x600.jpg,launch-2-post-3-5t-lift-fully-automatic-c-w-electric-locks-eco-1ph-3ph-tlt235sba-p1006-1318_medium-180x180.jpg,h-v-l-p-traditional-spray-gun-h-827p-300x300.jpg,HTB10qeRKf5TBuNjSspmq6yDRVXaR-600x600.jpg,HTB1KO61c6fguuRjSspkq6xchpXa9-600x600.jpg,CAR-POLISHING-MACHINE-180x180.jpg,Swing-mc1-180x180.jpg,44fc189d-c6c2-4b95-9b75-e783a1b886cc.jpg,100111549-cd5a1eaae921f6051a0ca21a9d94035e-180x180.jpg,Champion-generator-180x180.jpg,HTB1DGCRKkCWBuNjy0Faq6xUlXXaN-600x600.jpg,Angle-Grinder-180x180.jpg,monoblock_pumpset-180x180.png,HTB1iWKVKb1YBuNjSszhq6AUsFXaNfgh-1-600x600.jpg,pay2.jpg,compressor-180x180.jpg,81H4BNMiHmL._SY355_-180x180.jpg,16331690-300x300.jpg",0,yes,percentage,http://machineandtoolsbd.com/product/electric-car-high-pressure-washing-cleaner-machine-120-bar-pressure/,"http://machineandtoolsbd.com/wp-content/uploads/2017/08/Logo4.png,http://machineandtoolsbd.com/wp-content/uploads/2019/01/HTB1iWKVKb1YBuNjSszhq6AUsFXaNfgh-1-600x600.jpg,http://machineandtoolsbd.com/wp-content/uploads/2019/01/HTB1.TZtpEOWBKNjSZKzq6xfWFXaH-600x600.jpg,http://machineandtoolsbd.com/wp-content/uploads/2019/01/HTB1DGCRKkCWBuNjy0Faq6xUlXXaN-600x600.jpg,http://machineandtoolsbd.com/wp-content/uploads/2019/01/HTB1KO61c6fguuRjSspkq6xchpXa9-600x600.jpg,http://machineandtoolsbd.com/wp-content/uploads/2019/01/HTB10qeRKf5TBuNjSspmq6yDRVXaR-600x600.jpg,http://machineandtoolsbd.com/wp-content/uploads/2017/11/10811400-300x300.jpg,http://machineandtoolsbd.com/wp-content/uploads/2017/11/h-v-l-p-traditional-spray-gun-h-827p-300x300.jpg,http://machineandtoolsbd.com/wp-content/uploads/2018/01/44fc189d-c6c2-4b95-9b75-e783a1b886cc.jpg,http://machineandtoolsbd.com/wp-content/uploads/2017/11/16331690-300x300.jpg,http://machineandtoolsbd.com/wp-content/uploads/2017/08/monoblock_pumpset-180x180.png,http://machineandtoolsbd.com/wp-content/uploads/2017/08/Angle-Grinder-180x180.jpg,http://machineandtoolsbd.com/wp-content/uploads/2017/08/Hammer2-180x180.jpg,http://machineandtoolsbd.com/wp-content/uploads/2017/08/Swing-mc1-180x180.jpg,http://machineandtoolsbd.com/wp-content/uploads/2017/08/Drill-180x176.jpg,http://machineandtoolsbd.com/wp-content/uploads/2017/08/compressor-180x180.jpg,http://machineandtoolsbd.com/wp-content/uploads/2017/08/Champion-generator-180x180.jpg,http://machineandtoolsbd.com/wp-content/uploads/2017/08/compressor2-180x180.jpg,http://machineandtoolsbd.com/wp-content/uploads/2017/10/launch-2-post-3-5t-lift-fully-automatic-c-w-electric-locks-eco-1ph-3ph-tlt235sba-p1006-1318_medium-180x180.jpg,http://machineandtoolsbd.com/wp-content/uploads/2017/10/100111549-cd5a1eaae921f6051a0ca21a9d94035e-180x180.jpg,http://machineandtoolsbd.com/wp-content/uploads/2017/10/CAR-POLISHING-MACHINE-180x180.jpg,http://machineandtoolsbd.com/wp-content/uploads/2017/11/81H4BNMiHmL._SY355_-180x180.jpg,http://machineandtoolsbd.com/wp-content/uploads/2017/11/black-decker-car-polisher-60-watt-kp600-ae-180x180.jpg,http://machineandtoolsbd.com/wp-content/uploads/2017/11/pay1.jpg,http://machineandtoolsbd.com/wp-content/uploads/2017/11/pay2.jpg",Packaged included,,1,1,Specifications,,1,1,Speed,2800r/min,1,1,Range,8m,1,1,Flow rate,10L/min,1,1,Material,Metal,1,1,Type,Plastic tube/copper tube,1,1,Size,38 x 14 x 21cm,1,1,Color,Orange/Yellow/Blue,1,1,Power,1700W,1,1,Uses,Cleaning the car doors and windows,1,1,Voltage,220V,1,1,Drive,Electric,1,1,Scope of application,Car wash Small cleaning,1,1,Weight,11KG,1,1,Maximum inlet temperature,30℃,1,1,Spray stroke,15m,1,1,Net weight,11KG,1,1,Maximum pressure,9bar 1300Psi,1,1,Rated power,50Hz,1,1,Power cord length,1.8 meters,1,1,Inlet pipe length,1.6 meters,1,1,Outlet pipe,8 meters,1,1,Features,,1,1
,simple,,PIPE WRENCH 8″,1,0,visible,Product Details,Product Details,1,0,1,Thanks for purchasing,350.00,400.00,Hardwere & Tools,,Dhaka Only,"Hammer2-180x180.jpg,compressor2-180x180.jpg,61ZrYSvbuVL._SL1080_-300x300.jpg,black-decker-car-polisher-60-watt-kp600-ae-180x180.jpg,Logo4.png,tape-5m-g-g-300x300.jpg,Drill-180x176.jpg,pay1.jpg,10354940_764212033685798_4781720154656814084_n-300x300.jpg,launch-2-post-3-5t-lift-fully-automatic-c-w-electric-locks-eco-1ph-3ph-tlt235sba-p1006-1318_medium-180x180.jpg,36509690_1904911526234251_7143880835001745408_n.jpg,CAR-POLISHING-MACHINE-180x180.jpg,Swing-mc1-180x180.jpg,100111549-cd5a1eaae921f6051a0ca21a9d94035e-180x180.jpg,Champion-generator-180x180.jpg,Angle-Grinder-180x180.jpg,HASP5350_a-300x300.jpg,monoblock_pumpset-180x180.png,pay2.jpg,compressor-180x180.jpg,81H4BNMiHmL._SY355_-180x180.jpg",0,yes,percentage,http://machineandtoolsbd.com/product/pipe-wrench-8/,"http://machineandtoolsbd.com/wp-content/uploads/2017/08/Logo4.png,http://machineandtoolsbd.com/wp-content/uploads/2018/08/36509690_1904911526234251_7143880835001745408_n.jpg,http://machineandtoolsbd.com/wp-content/uploads/2017/11/HASP5350_a-300x300.jpg,http://machineandtoolsbd.com/wp-content/uploads/2017/11/61ZrYSvbuVL._SL1080_-300x300.jpg,http://machineandtoolsbd.com/wp-content/uploads/2017/11/tape-5m-g-g-300x300.jpg,http://machineandtoolsbd.com/wp-content/uploads/2017/11/10354940_764212033685798_4781720154656814084_n-300x300.jpg,http://machineandtoolsbd.com/wp-content/uploads/2017/08/monoblock_pumpset-180x180.png,http://machineandtoolsbd.com/wp-content/uploads/2017/08/Angle-Grinder-180x180.jpg,http://machineandtoolsbd.com/wp-content/uploads/2017/08/Hammer2-180x180.jpg,http://machineandtoolsbd.com/wp-content/uploads/2017/08/Swing-mc1-180x180.jpg,http://machineandtoolsbd.com/wp-content/uploads/2017/08/Drill-180x176.jpg,http://machineandtoolsbd.com/wp-content/uploads/2017/08/compressor-180x180.jpg,http://machineandtoolsbd.com/wp-content/uploads/2017/08/Champion-generator-180x180.jpg,http://machineandtoolsbd.com/wp-content/uploads/2017/08/compressor2-180x180.jpg,http://machineandtoolsbd.com/wp-content/uploads/2017/10/launch-2-post-3-5t-lift-fully-automatic-c-w-electric-locks-eco-1ph-3ph-tlt235sba-p1006-1318_medium-180x180.jpg,http://machineandtoolsbd.com/wp-content/uploads/2017/10/100111549-cd5a1eaae921f6051a0ca21a9d94035e-180x180.jpg,http://machineandtoolsbd.com/wp-content/uploads/2017/10/CAR-POLISHING-MACHINE-180x180.jpg,http://machineandtoolsbd.com/wp-content/uploads/2017/11/81H4BNMiHmL._SY355_-180x180.jpg,http://machineandtoolsbd.com/wp-content/uploads/2017/11/black-decker-car-polisher-60-watt-kp600-ae-180x180.jpg,http://machineandtoolsbd.com/wp-content/uploads/2017/11/pay1.jpg,http://machineandtoolsbd.com/wp-content/uploads/2017/11/pay2.jpg",,,1,1,,,1,1,,,1,1,,,1,1,,,1,1,,,1,1,,,1,1,,,1,1,,,1,1,,,1,1,,,1,1,,,1,1,,,1,1,,,1,1,,,1,1,,,1,1,,,1,1,,,1,1,,,1,1,,,1,1,,,1,1,,,1,1,,,1,1,,,1,1
